Series Name,Series Code,Time,Time Code,Afghanistan [AFG],Albania [ALB],Algeria [DZA],American Samoa [ASM],Andorra [AND],Angola [AGO],Antigua and Barbuda [ATG],Argentina [ARG],Armenia [ARM],Aruba [ABW],Australia [AUS],Austria [AUT],Azerbaijan [AZE],"Bahamas, The [BHS]",Bahrain [BHR],Bangladesh [BGD],Barbados [BRB],Belarus [BLR],Belgium [BEL],Belize [BLZ],Benin [BEN],Bermuda [BMU],Bhutan [BTN],Bolivia [BOL],Bosnia and Herzegovina [BIH],Botswana [BWA],Brazil [BRA],British Virgin Islands [VGB],Brunei Darussalam [BRN],Bulgaria [BGR],Burkina Faso [BFA],Burundi [BDI],Cabo Verde [CPV],Cambodia [KHM],Cameroon [CMR],Canada [CAN],Cayman Islands [CYM],Central African Republic [CAF],Chad [TCD],Channel Islands [CHI],Chile [CHL],China [CHN],Colombia [COL],Comoros [COM],"Congo, Dem. Rep. [COD]","Congo, Rep. [COG]",Costa Rica [CRI],Cote d'Ivoire [CIV],Croatia [HRV],Cuba [CUB],Curacao [CUW],Cyprus [CYP],Czechia [CZE],Denmark [DNK],Djibouti [DJI],Dominica [DMA],Dominican Republic [DOM],Ecuador [ECU],"Egypt, Arab Rep. [EGY]",El Salvador [SLV],Equatorial Guinea [GNQ],Eritrea [ERI],Estonia [EST],Eswatini [SWZ],Ethiopia [ETH],Faroe Islands [FRO],Fiji [FJI],Finland [FIN],France [FRA],French Polynesia [PYF],Gabon [GAB],"Gambia, The [GMB]",Georgia [GEO],Germany [DEU],Ghana [GHA],Gibraltar [GIB],Greece [GRC],Greenland [GRL],Grenada [GRD],Guam [GUM],Guatemala [GTM],Guinea [GIN],Guinea-Bissau [GNB],Guyana [GUY],Haiti [HTI],Honduras [HND],"Hong Kong SAR, China [HKG]",Hungary [HUN],Iceland [ISL],India [IND],Indonesia [IDN],"Iran, Islamic Rep. [IRN]",Iraq [IRQ],Ireland [IRL],Isle of Man [IMN],Israel [ISR],Italy [ITA],Jamaica [JAM],Japan [JPN],Jordan [JOR],Kazakhstan [KAZ],Kenya [KEN],Kiribati [KIR],"Korea, Dem. People's Rep. [PRK]","Korea, Rep. [KOR]",Kosovo [XKX],Kuwait [KWT],Kyrgyz Republic [KGZ],Lao PDR [LAO],Latvia [LVA],Lebanon [LBN],Lesotho [LSO],Liberia [LBR],Libya [LBY],Liechtenstein [LIE],Lithuania [LTU],Luxembourg [LUX],"Macao SAR, China [MAC]",Madagascar [MDG],Malawi [MWI],Malaysia [MYS],Maldives [MDV],Mali [MLI],Malta [MLT],Marshall Islands [MHL],Mauritania [MRT],Mauritius [MUS],Mexico [MEX],"Micronesia, Fed. Sts. [FSM]",Moldova [MDA],Monaco [MCO],Mongolia [MNG],Montenegro [MNE],Morocco [MAR],Mozambique [MOZ],Myanmar [MMR],Namibia [NAM],Nauru [NRU],Nepal [NPL],Netherlands [NLD],New Caledonia [NCL],New Zealand [NZL],Nicaragua [NIC],Niger [NER],Nigeria [NGA],North Macedonia [MKD],Northern Mariana Islands [MNP],Norway [NOR],Oman [OMN],Pakistan [PAK],Palau [PLW],Panama [PAN],Papua New Guinea [PNG],Paraguay [PRY],Peru [PER],Philippines [PHL],Poland [POL],Portugal [PRT],Puerto Rico [PRI],Qatar [QAT],Romania [ROU],Russian Federation [RUS],Rwanda [RWA],Samoa [WSM],San Marino [SMR],Sao Tome and Principe [STP],Saudi Arabia [SAU],Senegal [SEN],Serbia [SRB],Seychelles [SYC],Sierra Leone [SLE],Singapore [SGP],Sint Maarten (Dutch part) [SXM],Slovak Republic [SVK],Slovenia [SVN],Solomon Islands [SLB],Somalia [SOM],South Africa [ZAF],South Sudan [SSD],Spain [ESP],Sri Lanka [LKA],St. Kitts and Nevis [KNA],St. Lucia [LCA],St. Martin (French part) [MAF],St. Vincent and the Grenadines [VCT],Sudan [SDN],Suriname [SUR],Sweden [SWE],Switzerland [CHE],Syrian Arab Republic [SYR],Tajikistan [TJK],Tanzania [TZA],Thailand [THA],Timor-Leste [TLS],Togo [TGO],Tonga [TON],Trinidad and Tobago [TTO],Tunisia [TUN],Turkiye [TUR],Turkmenistan [TKM],Turks and Caicos Islands [TCA],Tuvalu [TUV],Uganda [UGA],Ukraine [UKR],United Arab Emirates [ARE],United Kingdom [GBR],United States [USA],Uruguay [URY],Uzbekistan [UZB],Vanuatu [VUT],"Venezuela, RB [VEN]",Viet Nam [VNM],Virgin Islands (U.S.) [VIR],West Bank and Gaza [PSE],"Yemen, Rep. [YEM]",Zambia [ZMB],Zimbabwe [ZWE],World [WLD],Upper middle income [UMC],Low income [LIC],Lower middle income [LMC],High income [HIC]
Population density (people per sq. km of land area),EN.POP.DNST,2000,YR2000,29.963328887049,112.738211678832,12.9210665311915,291.15,140.631914893617,13.1499655089436,170.579545454545,13.5458433362931,111.29339655778,495.005555555556,2.47696679379873,97.0863548230732,97.434779976999,32.4689310689311,1002.03098591549,992.49694245986,615.481395348837,49.1974779144976,338.548546895641,10.5395002192021,62.0612185172047,1145.05555555556,14.7539447236181,7.93192652081602,81.6279296875,3.04728000988125,21.0422079553585,134.026666666667,63.3635673624288,73.8513242339329,43.4316081871345,245.62535046729,113.709925558313,68.65420915477,31.9256922849104,3.42261133957721,165.241666666667,6.03417445182831,6.55903510165184,733.868686868687,20.6471261492444,134.492481002789,35.3448715637675,288.4245029554,21.4447484616572,9.17724743777452,77.9317077947513,52.8291509433962,79.9166905136643,103.405875232775,..,102.623051948052,132.717264138734,133.4904,32.0117773943054,91.128,176.79136824674,50.8395353519085,71.6975950575117,287.571525096525,24.4198573975045,23.6918811881188,32.9555319650861,59.9125581395349,67.031867,32.7077363896848,45.5669950738916,16.9940214714863,111.258319073282,72.2924229328724,4.94017541817053,142.049308300395,71.3308898141992,235.596813297034,86.4265711523249,2774.1,83.83093871218,0.136922889511512,315.976470588235,296.644444444444,108.153798058977,33.9287278202832,43.7713015647226,3.85598679197358,303.346335268505,59.493475735097,6347.61904761905,113.936297701406,2.80503740648379,356.396219212361,114.018777439802,40.2418913774896,56.3112650616183,55.2355058789374,132.564912280702,290.619223659889,192.555434569421,241.200831024931,347.991769547325,57.3002493200363,5.51306663703374,54.207411181783,109.661728395062,194.062444979653,487.332687124197,..,108.580303030303,25.5391032325339,23.5305589254766,38.0469892490398,422.350146627566,65.8310276679842,30.0583887043189,2.92962365163622,206.4125,55.8317804722399,169.472433053922,21594.8,27.8853234515253,119.106777683496,69.8376198447725,941.69,9.21094337767069,1219.021875,301.244444444444,2.61473076549918,584.666502463054,50.3477157334294,159.584285714286,101.844482362364,16016.2802170696,1.58389403953543,..,63.9803159309881,22.5953165136448,69.6794871010191,2.20959929065092,518.85,171.325427275898,471.727280805687,11.6646608315098,14.6507918423151,42.5728934685059,9.17554669613958,134.888044182395,79.6834447502949,174.647826086957,12.2957995203207,7.57432310177706,200.251561851391,42.8826086956522,40.378410008071,12.1633551207879,12.8965995469419,20.82378046875,261.455622631385,124.909820758105,112.457901639344,429.605975197294,55.6362618432386,97.701323407775,8.94901570933758,328.738913660316,65.0204946996466,447.05,149.702083333333,10.0234871074434,50.4040253466992,..,176.371739130435,63.5088251593239,6011.77164179105,..,112.031600831601,98.7549652432969,15.3618435155413,13.902293811968,38.5901013115268,..,81.2983246492986,299.415898580769,174.85,261.475409836066,..,291.828205128205,11.0685071548822,3.0705,21.7806145583158,181.771231711013,88.7346501251496,44.8199342669334,38.9068683675773,123.444582982638,59.0692669804976,92.0763927192499,142.504166666667,259.688693957115,63.6799433573635,83.3043761287892,9.72300555401868,19.7305263157895,321.266666666667,120.217691807217,84.8821955639941,46.1184595888482,243.427908899268,30.7973013298523,18.8105587932808,56.5421536132488,15.7566858080394,27.6942678986452,253.973966437343,310.405714285714,485.407475083056,35.2836335397845,13.3054466699848,30.5924156649864,47.4182681577842,43.3676471270222,26.4369172343169,94.1309687273124,31.0948186377348
Population density (people per sq. km of land area),EN.POP.DNST,2001,YR2001,30.1866396823207,111.685145985401,13.100080193472,291.62,144.297872340426,13.5891449426486,173.215909090909,13.6955566761307,110.05033368458,503.838888888889,2.50897530687424,97.4587130392632,98.1937920681807,32.9296703296703,1028.53098591549,1011.52711070139,617.155813953488,48.9467226045631,339.71499339498,10.8768084173608,63.959214260376,1157.48148148148,15.1566331658291,8.0735567248223,81.932265625,3.10894076544386,21.3219545257677,137.713333333333,64.658064516129,72.3957516044473,44.7725292397661,251.780724299065,115.622332506203,69.8968502152731,32.7753866006643,3.45999560542028,171.058333333333,6.17158335741115,6.78113405336722,737.59595959596,20.8786952007446,135.473048750848,35.9061514195584,294.326168726491,22.1021402262853,9.52884626647145,79.3815511163337,54.2310314465409,76.9001645442839,103.716266294227,..,104.418831168831,132.219554807817,133.969575,33.0237273511648,90.8706666666667,179.446077416684,51.721376228056,73.1872630468632,289.000723938224,25.6424242424242,24.3755148514851,32.7462845010616,60.5462790697674,69.018932,33.1267908309456,46.0492610837438,17.0327587905053,112.072838575005,73.4799769518871,5.07078821748748,146.190612648221,70.232915777319,236.027300085985,88.7561615540125,2772.1,84.2678975950349,0.137288342063589,317.458823529412,299.118518518518,110.783547965659,34.3713047370991,44.7147937411095,3.85983743967488,308.843541364296,61.1123514165698,6394.57142857143,113.675251060031,2.84257356608479,362.900086102805,115.637944010154,40.9359580294212,58.1330749708485,56.1219770648861,134.031578947368,297.550831792976,192.663618717833,242.419667590028,348.831275720165,58.5143925657298,5.50369855909916,55.8743771304073,111.766666666667,195.270509093929,489.664709530701,..,111.766217732884,25.7825860271116,23.9155415944541,37.5587767367863,429.051808406647,65.8587944664032,30.9556478405316,2.99846323470907,208.6,55.3736119974473,171.501984882267,16889.3076923077,28.733474911442,121.964552397115,71.6558119007761,957.746666666667,9.4934592153681,1228.2125,302.294444444444,2.67956049286892,589.303940886699,51.1300640448571,159.925714285714,101.616986454017,16005.9200789344,1.59786680589648,..,64.8220860407798,23.1703705587629,70.4085840193408,2.25485794798917,518.15,174.091880013952,475.30154028436,11.8886214442013,14.7373817933235,43.1507728103706,9.49824741454172,138.512113925579,80.0189539913488,172.780434782609,12.358179737381,7.67254604200323,206.540222862183,43.104347826087,41.1760021522733,12.5833348054586,13.1173949156808,21.10539765625,267.049287319314,124.875366482745,113.253792349727,430.52694475761,58.4695090439277,96.3474380740934,8.91163375342787,333.357965139846,65.5583038869258,455.583333333333,152.352083333333,10.2740064846559,51.6180699111827,..,176.526086956522,67.2914380714879,6176.13731343284,..,111.826756756757,98.9106256206554,15.7340121471954,14.459060477572,38.9333965328211,..,81.9433763941266,301.710652208579,176.869230769231,263.268852459016,..,291.387179487179,11.3414364478114,3.12432051282051,21.8391676529442,182.930725796739,91.0215910327566,45.7902972277794,39.9802088507564,124.586294505667,60.0538668459987,94.6024269167126,143.347222222222,260.929239766082,64.3352407312049,84.5497420838585,9.86337114038261,20.6084210526316,320.7,123.934362644512,83.9948217830327,48.6369754998592,244.366854048692,31.1036283879362,18.8603531025026,57.2696031988181,16.1635767022149,28.2072478884417,256.574550773088,310.14,497.970764119601,36.2586074966381,13.710117165956,30.7896549050019,48.0517391098701,43.7562914494159,27.150768590804,95.9332429384422,31.2849221165866
Population density (people per sq. km of land area),EN.POP.DNST,2002,YR2002,32.1976235377091,111.350729927007,13.2779799642278,290.885,150.742553191489,14.0500032084704,175.443181818182,13.8433757568449,109.063470319635,509.894444444444,2.53767882014501,97.9393722733883,98.9124645960929,33.3668331668332,1053.97746478873,1030.49724206806,619.662790697674,48.6397310049352,341.241248348745,11.222577816747,65.9079726853494,1165.03703703704,15.5539698492462,8.21617557463307,82.0001953125,3.16752245337286,21.5929243826976,141.92,65.9322580645161,72.0327297794118,46.1705738304094,258.915031152648,117.427047146402,71.1634885565375,33.6655306636204,3.49782657917661,176.9,6.30942887412116,7.01903510165184,743.267676767677,21.1070807981365,136.383779609948,36.4615141955836,300.401397098334,22.7882362541629,9.75448901903368,80.7407559733647,55.6097389937107,76.9454499928459,104.991549957703,..,106.298051948052,131.96474699107,134.398275,34.0435289042278,91.016,182.055495756572,52.627673538412,74.7337977798985,290.11944980695,26.8846702317291,25.2220198019802,32.5395140363293,61.0935465116279,71.073215,33.5336676217765,46.5183908045977,17.0740930431071,112.892548309157,74.6577355229041,5.20703225055303,150.417292490119,69.6055670247384,236.451570830706,91.2293486859453,2789.2,84.5773622963538,0.137919356803508,318.326470588235,301.042592592593,113.358697275103,34.9087986325899,45.7211237553343,3.86244856489713,314.279608127721,62.7393690231477,6422.95238095238,113.352019638474,2.86805985037406,369.405601054759,117.23721144766,41.336425869987,60.0300500720214,57.075729423719,135.408771929825,303.604436229205,192.950740232248,243.605170821791,349.643347050754,59.7861740707162,5.50392562136534,57.5953596654602,114.074074074074,196.31601195914,492.248538072115,..,114.891358024691,26.0203336809176,24.2898656845754,37.1249296928986,434.669208211144,65.7949275362319,31.7753218438538,3.07201086647647,210.58125,54.9308710912572,173.30818890175,16654.2592592593,29.5971627059188,124.994675434875,73.4817988129661,974.28,9.79573672952573,1237.403125,302.755555555556,2.73765693218201,593.409359605911,51.9134139252553,159.988571428571,101.381934046035,15977.3063640849,1.61209395109404,..,65.6549787138696,23.773425061675,71.1207118156502,2.29387579103354,517.55,176.715577258458,478.345053317536,12.1165207877462,14.9956325244009,43.7012298487618,9.83383358332675,142.278540136368,79.4399134880063,167.74347826087,12.4250062971603,7.76626494345719,211.787576535907,43.154347826087,41.9826472962066,13.0119595459966,13.3060961490058,21.35508046875,272.614857296173,124.81753893369,113.87574863388,431.082412626832,61.4285960378984,94.5338495671466,8.87046146313948,339.371949736522,65.9469964664311,466.15,156.084375,10.5240360237988,52.879810938555,..,182.00652173913,71.2124272651704,6186.59259259259,..,111.786112266112,99.0332671300894,16.1043229724902,15.0015988140402,39.2893470393788,..,83.0225192369349,304.747360867485,177.938461538462,265.244262295082,..,290.897435897436,11.6036691919192,3.17734615384615,21.9103563929565,184.325482117304,93.3943900315595,46.7401757645041,41.0403375479792,125.707255965081,61.1727639542703,97.1049457620886,144.172222222222,262.371150097466,64.9752896498455,85.7407624442914,9.99929351179963,21.6821052631579,320.3,127.846904559331,83.2023854731246,51.1638270909603,245.40354234696,31.3935499327652,18.8917895097703,57.974793019676,16.5812141099262,28.7182461311717,259.675762357108,310.025714285714,510.859302325581,37.2382010341497,14.1356407807477,30.980080134419,48.6837997961145,44.1302434435025,27.9694289777321,97.6976085736065,31.4764878557142
Population density (people per sq. km of land area),EN.POP.DNST,2003,YR2003,34.7195467856431,110.934890510949,13.4590186166416,289.705,157.248936170213,14.537853533328,177.443181818182,13.9870295868367,108.32813487882,515.005555555556,2.5670355232157,98.4176320891905,99.6237235638581,33.8151848151848,1080.91111111111,1048.65334562495,622.090697674419,48.3012483606638,342.672820343461,11.5737834283209,67.9248669741043,1172.68518518519,15.9454020100503,8.36091387427305,81.71400390625,3.22351560707921,21.8504688842254,146.546666666667,67.1812144212524,71.4841132665257,47.6264290935673,267.166900311526,119.128784119107,72.443405846363,34.596953734848,3.52949755676983,182.758333333333,6.46383672027994,7.30334021601016,749.19696969697,21.3294276507265,137.235919250104,37.0055763857593,306.356797420742,23.4691069892592,10.0282664714495,82.033098315707,56.9699716981132,76.8958437567007,105.25579887218,..,108.262987012987,131.926983305293,134.76435,34.7890854184642,91.256,184.637797557442,53.5560637783862,76.3105349339495,290.871090733591,28.1526203208556,26.2711881188119,32.3359282849729,61.5579651162791,73.168838,33.9484240687679,46.9789819376026,17.1148560359828,113.635188832326,75.8205128205128,5.34947025264874,154.76847826087,69.13705867945,236.616427281328,93.7396238024084,2830.1,84.7794414274632,0.138299427457668,319.823529411765,302.564814814815,115.857913400523,35.7002034836399,46.7870910384068,3.86366268732537,319.747641509434,64.3657252658861,6410.28571428571,113.027806293238,2.88799002493766,375.830378482371,118.816438608611,41.7217386232471,61.8899855957199,58.0130788213093,136.735087719298,309.135859519408,193.810329435476,244.785503231764,350.39231824417,61.15273118767,5.52247249694411,59.3300804722915,116.422222222222,197.5060792293,494.755475206612,..,117.92962962963,26.2945776850886,24.6493284228769,36.7678821090523,440.352590420332,65.6465744400527,32.0304505813953,3.15005114973232,212.5,54.4864869176771,175.427079853639,17130.8518518519,30.4782302163222,128.213459906661,75.2987703545883,990.753333333333,10.1149534088953,1245.56875,302.738888888889,2.7974444552246,597.71921182266,52.6913454564161,159.721428571429,101.132058382973,15942.7725703009,1.61862517969528,..,66.4603853909926,24.3988326254483,71.8001851455152,2.32654957548373,517.2,179.162246250436,480.607286729858,12.3247264770241,15.2945197675743,44.2335216885491,10.1845661956264,146.161820218057,79.700078647267,162.223913043478,12.4980971624448,7.85654281098546,216.475560398506,43.2173913043478,42.7980629539952,13.4500287064435,13.4740850742512,21.58073515625,278.172978502197,124.753689916405,114.304054644809,431.352311161218,64.4724375538329,93.8218134377039,8.83027865243716,347.304094041346,66.2332155477032,476.683333333333,160.16875,10.7693886095204,54.1967693346491,..,179.958695652174,74.1328207259629,5989.55749636099,..,111.689336936188,99.0929990069513,16.4778849589139,15.5550116364332,39.6541460237905,..,84.5088139260031,307.81661616967,178.580769230769,267.290163934426,..,290.020512820513,11.8640475589226,3.22935897435897,21.9920351490414,185.703856614881,95.9276431178169,47.6742783652472,42.147118988485,126.79237409227,62.3215198386012,99.6690751976466,145.013888888889,263.849512670565,65.6140447991761,86.8824331172122,10.1270146617581,22.8831578947368,322.266666666667,131.898984034833,82.5300324507198,53.6953393410307,246.548906708552,31.6645346171981,18.9132784824591,58.6579470814014,17.0022969647252,29.2296683861459,262.765907698262,310.014285714286,524.08122923588,38.2385343864235,14.5791213225898,31.2157890655293,49.3086960715884,44.4898997627423,28.8294664432429,99.4149040922962,31.6687887912802
Population density (people per sq. km of land area),EN.POP.DNST,2004,YR2004,36.112339205495,110.472226277372,13.6497627784729,288.13,163.687234042553,15.0566495548247,179.411363636364,14.1297684429,107.68335089568,519.666666666667,2.5946294729443,99.0301260300533,100.475372556609,34.2746253746254,1141.71369863014,1066.21898286856,624.43023255814,47.9754751867465,344.159081902246,11.9302060499781,70.0120078041859,1180.37037037037,17.0525224965239,8.50759623373027,80.915234375,3.28037160552644,22.1008553338422,151.433333333333,68.3986717267552,70.953107760206,49.1446527777778,277.277881619938,120.740198511166,73.738788805801,35.5596602568171,3.56258260750269,188.691666666667,6.60557000224726,7.63461165819568,755.242424242424,21.5430754829651,138.053436689892,37.537871113114,312.280494357872,24.1792668886879,10.3748521229868,83.2902467685076,58.3173050314465,76.9173039811307,105.490968893901,..,110.247186147186,131.984222107171,135.113075,35.3051337359793,91.432,187.189546677706,54.4958648735706,77.8767662866041,291.296090733591,29.4600713012478,22.8391473569035,32.1431941495636,61.963023255814,66.7208987653636,34.3760744985673,47.4380952380952,17.1646212941988,114.536314277522,76.9611063094209,5.49970893002678,159.310770750988,68.7102417859267,236.592195429653,96.2751340423662,2871.6,84.9894569433669,0.138655134608357,322.105882352941,303.711111111111,118.347405748414,36.4684966628683,47.9021692745377,3.86296164592329,325.162880986938,65.9880865135401,6460.47619047619,112.777795135015,2.91345635910224,382.170188585324,120.338912682109,42.4013814189936,63.696522395226,59.0834954274931,138.029824561404,314.648798521257,195.068703967969,245.985595567867,350.510288065844,62.6974501359927,5.56098233137015,61.130540815968,118.795061728395,198.894859230961,496.617630654823,..,120.846296296296,26.6147028154327,24.9920580589255,36.3688109663008,447.194232649071,65.3947299077734,32.4174314784053,3.23241472202962,214.375,53.8780312699426,177.938286087179,16983.1785714286,31.3835230594628,131.643423843869,77.106215187947,1007.11666666667,10.4508273301699,1253.9625,302.416666666667,2.85880954690987,601.479310344828,53.471443709972,159.197142857143,100.846989588049,15903.305377405,1.63270530747881,..,67.2935805511987,25.0443945675119,72.4471947598788,2.35567782919749,516.75,181.401918381584,482.280183649289,12.5136761487965,15.5235274011621,44.7583762672428,10.5525262493092,150.155196152706,79.9270153362171,156.3,12.5721709323083,7.97691437802908,221.368591739311,43.2760869565217,43.6280737153619,13.896493397518,13.6328316133904,21.79211796875,283.755914411242,124.644083178272,114.577715846995,431.440586245772,67.0062876830319,93.2684695652174,8.79465803239439,356.378313741386,66.456890459364,484.883333333333,164.267708333333,11.007079160251,55.5689554874565,..,179.29347826087,76.6601413133832,6047.40783744557,..,111.689812889813,99.156504468719,16.8554841014648,16.1273854688048,40.0267671813303,..,85.9848050803317,310.802599266465,179.153846153846,269.244262295082,..,288.738461538462,12.1344907407407,3.27289743589744,22.0786999155742,186.990617655533,98.5128670262025,48.5939125464418,43.3064788891398,127.838019926011,63.6172831203766,102.320610406325,145.883333333333,265.33567251462,66.2475862512873,88.074886633837,10.2564041452982,24.0726315789474,326.366666666667,135.859486512187,81.9063520557876,56.2283722894959,247.955627660894,31.9589450682826,18.9338418466461,59.3419111489424,17.4259228876128,29.7340592936908,265.460144483504,309.902857142857,537.645514950166,39.2700456465329,15.0500275763731,31.4356494765413,49.8809428715255,44.8419910740165,29.366981773343,101.194402657069,31.868070705894
Population density (people per sq. km of land area),EN.POP.DNST,2005,YR2005,37.4272741210923,109.908284671533,13.8372324435077,286.27,169.842553191489,15.6019563648031,181.520454545455,14.2765534276809,107.033579206182,524.905555555556,2.62640667508428,99.7070891904993,101.522501814662,34.7456543456543,1218.81216216216,1082.52738726281,626.690697674419,47.6446879945571,346.057364597094,12.2917580008768,72.2722507981554,1188.03703703704,17.4022876931553,8.65631680974799,79.96673828125,3.33987436698251,22.3491511269254,156.646666666667,69.5857685009488,70.4986377025037,50.7168384502924,287.728738317757,122.289578163772,75.0429583050079,36.5449662583825,3.5963894177628,194.695833333333,6.75596969405117,7.94553049555273,761.429292929293,21.7546938127747,138.867766063821,38.0540243352862,318.475550779151,24.9444198407622,10.755019033675,84.5257931844888,59.6547641509434,77.0163855335573,105.65683953401,..,112.236147186147,132.166916903961,135.4858,35.8438740293356,91.5653333333333,189.707472572966,55.4437590594299,79.4367471997589,291.400434362934,30.8280213903743,23.3978464970216,31.9597782495872,62.3189534883721,68.6425270798789,34.5924068767908,47.8885057471264,17.2234676122,115.40057930042,78.0927686545664,5.6597702487678,164.067984189723,68.2751145946324,236.464680582636,98.8703129120155,2915.5,85.2390535298681,0.138713607016689,324.276470588235,304.5,120.831392310564,37.1972733192251,49.0651849217639,3.85932943865888,330.620464441219,67.6075878094557,6488.7619047619,112.566287244727,2.95994014962594,388.350126631665,121.865687644173,43.0895859426803,65.6164894711571,60.3848744375091,139.324561403509,320.244916820702,196.029609289932,247.171098799631,350.543209876543,64.3532864913871,5.61063414453458,62.9774923568893,121.19012345679,200.157644713894,497.517408363449,..,125.443490460157,26.9165797705944,25.3594887348354,35.9779356228004,453.865493646139,65.1325428194993,33.9111088039867,3.31790467963218,216.26875,53.0077855775367,180.681774041935,17450.6785714286,32.3144942738247,135.295375477302,78.9028640998326,1023.39333333333,10.8020480416984,1261.98125,301.872222222222,2.92263510235762,605.051231527094,54.2413138197999,158.485714285714,100.566888293243,15856.4380858411,1.64641173961656,..,68.1870983643289,25.7014598540146,73.0446782784376,2.38417204144348,515.9,183.363167073596,483.408412322275,12.7051422319475,15.6997455470738,45.3272228685391,10.9380445251441,154.254885426617,80.0965395202517,150.054347826087,12.6580888392417,8.12663004846527,226.198757264425,43.1108695652174,44.4695722356739,14.3506116680652,13.7852454064938,21.99005234375,289.302243686488,124.589315444129,114.828140373893,430.818714768884,73.1016365202412,92.7023436820593,8.76108889416588,365.881597081475,66.652296819788,491.8,168.416666666667,11.3493778172667,56.9992053186516,..,180.126086956522,78.7383485730119,6191.23657474601,..,111.700769230769,99.3284011916584,17.237799214005,16.6851978193643,40.4068510992589,..,87.4654972049129,313.72773082443,179.711538461538,271.124590163934,..,287.289743589744,12.4329027777778,3.30910256410256,22.1671788927031,188.198156410317,101.234172250368,49.5080380108602,44.5241645969745,128.836657597526,65.1858103564223,105.011895569038,146.7125,266.876218323587,66.866271884655,89.2697984745917,10.3968144191688,25.2578947368421,330.4,139.865812521896,81.3027218751079,60.2786961419319,249.663977183483,32.2548765979183,18.9559193235059,60.036847623833,17.8533223954061,30.2350036845984,265.768099681304,309.865714285714,551.560797342193,40.3823531640055,15.5569351215378,31.6007573995089,50.5102439710338,45.1943963249539,30.2240683772306,102.935445203212,32.077231445345
Population density (people per sq. km of land area),EN.POP.DNST,2006,YR2006,39.0091593456296,109.21704379562,14.0380897998942,284.185,170.682978723404,16.172567578407,183.852272727273,14.4250357183313,106.304390586582,531.144444444444,2.66208895773401,100.201660203587,102.672531674674,35.2311688311688,1312.13648648649,1095.71199969271,628.895348837209,47.3372826558372,348.347357992074,12.6580008768084,74.5178343384179,1194.87037037037,17.6629850198074,8.80888304255516,79.2594921875,3.4032149348014,22.591232259809,162.153333333333,70.7415559772296,69.9716652858326,52.3254459064327,298.216121495327,123.792555831266,76.3527022433719,37.5522688328997,3.63290915600646,200.7375,6.89324215865678,8.2319043837357,767.60101010101,21.9688930671444,139.645342881819,38.5515187021181,324.910263299301,25.7522463112856,11.16639238653,85.7456325891109,60.9876006289308,77.0345043242084,105.803157004604,..,114.224891774892,132.542459546926,135.9318,36.5378343399482,91.656,192.179010556821,56.406269125463,80.9982118639811,291.237258687259,32.2787165775401,23.8016285589692,31.7718801604152,62.659011627907,70.6097080179429,34.6081661891117,48.3351395730706,17.3169839860577,116.203903885806,79.1993661768943,5.83123374859316,169.100197628458,67.8880821582281,236.225197866483,101.514397468577,2958.7,85.4954383242824,0.138321354610793,326.435294117647,304.953703703704,123.3046845838,37.9725907537034,50.2877311522048,3.85251206502413,336.222351233672,69.2215568862275,6530.57142857143,112.391139381765,3.03024438902743,394.315125504929,123.459430770075,43.7607505095901,66.0895969087958,62.0349978226158,140.750877192982,325.956561922366,196.61968158854,248.352723915051,350.765432098765,68.8525385312783,5.67029114346038,64.8790332782795,123.559259259259,201.276978656258,499.982369942197,..,132.626767676768,27.2075078206465,25.7651343154246,35.6494287045816,461.374780058651,65.1113306982872,35.8741382890365,3.3948469486343,218.05625,52.1682992980217,183.586849281014,17547.6573426573,33.2742356501702,139.141991938905,80.6860843098463,1048.00333333333,11.1650980584991,1266.5875,301.155555555556,2.98945279906859,607.879802955665,54.9843308727076,157.572857142857,100.287778048526,15792.3038973853,1.65734176364657,45.7267657992565,69.0858660094107,26.3689081614487,73.589107380599,2.41295047917502,514.7,184.994565748169,484.185456161137,12.8966083150985,15.8922942539212,45.9515622403191,11.3406236677982,158.470046224623,80.2291781360598,143.608695652174,12.760447810231,8.27350242326333,230.995724366957,42.65,45.3130616088243,14.8130040189021,13.9307198590486,22.1727171875,294.804423650937,124.514452206843,115.035399584563,428.998196166855,87.4298018949182,92.1547960692234,8.73439418381291,375.762707742197,66.9183745583039,499.316666666667,172.630208333333,11.8076885504422,58.501984106373,84.742385090327,183.913043478261,80.4900803546689,6342.02449567723,..,111.705904365904,99.6458788480636,17.6287959985709,17.1915914814933,40.7980908259074,..,88.9761493446631,316.86662414288,180.284615384615,272.901639344262,..,285.710256410256,12.7664006734007,3.34630128205128,22.2922170365422,189.388794405946,105.821537875075,50.4245284366962,45.7914337322195,129.811750083188,66.8839273705447,108.002206287921,147.486111111111,268.405263157895,67.4791323377961,90.4347972402323,10.5420573276871,26.4505263157895,334.333333333333,144.002937790901,80.7577085059376,68.9799211489721,251.50589013351,32.5673998463204,18.9822991658096,60.7737753814386,18.2873666940115,30.7262411427924,268.392397576688,309.625714285714,565.836212624585,41.6052010530901,16.1040194245282,31.8740855628797,51.106174383495,45.4496828204392,31.1422944075457,104.65512229957,32.3184148755187
Population density (people per sq. km of land area),EN.POP.DNST,2007,YR2007,39.7149793784401,108.394781021898,14.2684873243931,281.915,166.314893617021,16.7720253469159,186.4,14.5709272880743,105.528380751668,537.705555555556,2.71111802454994,100.526987396995,103.853368672016,35.7308691308691,1387.376,1107.28995928401,631.26511627907,47.1212709646576,350.914795244386,13.0281893906182,76.6917435260731,1201.62962962963,17.8821523204869,8.9644161358811,78.278828125,3.4707479752263,22.8255871521654,167.94,71.8686907020873,69.4718534204953,53.9366739766082,309.369509345794,125.243920595533,77.6953942895989,38.6111273296524,3.66836147983568,206.8625,7.02361070981412,8.51551064167726,773.863636363636,22.1853773610282,140.376588050196,39.0325209553853,331.487909725954,26.5937769347831,11.5851508052709,86.9568938503721,62.3198113207547,77.0176720749053,105.880186020293,..,116.220021645022,133.318161812298,136.53595,37.3251078515962,91.7,194.622355619954,57.3837775809309,82.5945602491336,291.705164092664,33.8258110516934,24.1766916924849,31.6272705826846,63.0237209302326,72.651008800565,34.6425501432665,48.7492063492063,17.3919563287185,116.922506697933,80.1434745030251,6.01456902239298,174.395553359684,67.5348682599111,235.943361918146,104.194075766898,2999.6,85.7135221101629,0.137787793884761,328.602941176471,305.116666666667,125.765369540873,38.8534999186065,51.5850640113798,3.84313436626873,341.829680696662,70.8236839753329,6586.95238095238,112.217163263029,3.10789027431421,400.139852818017,125.08970029065,44.401518946929,65.5300706495644,63.8545797648425,142.280701754386,331.797597042514,197.614991309288,249.420221606648,351.168724279835,73.3619333635539,5.73552320628218,66.8320501106933,125.923456790123,202.279760817208,502.307449442839,..,140.671661054994,27.4681960375391,26.1756845753899,35.3596509553731,470.147409579668,65.3315217391304,37.7153239202658,3.46521079373018,219.6875,51.5522335673261,186.444147510546,17648.2876712329,34.2624032740654,143.142373780229,82.4611292040785,1083.75333333333,11.5399339447135,1271.0125,300.211111111111,3.05957892694285,610.655172413793,55.7128388075825,156.474285714286,100.055661920841,15699.5559940799,1.67300894881353,45.7899628252788,69.981252520726,27.0613609196572,74.1303204186559,2.44323628369104,513.35,186.352668294384,485.23981042654,13.0880743982495,16.0411682047776,46.5967508725278,11.7611691797584,162.822697278127,80.9971858898137,137.065217391304,12.89317004523,8.41906300484653,235.995902085928,42.1,46.161070755986,15.2830146182043,14.0703372766172,22.34405234375,300.370181440118,124.44685296422,115.261440909588,426.493235625705,106.106201550388,90.8390186610988,8.71946397976766,386.022213214431,67.3067137809187,506.2,176.921875,12.2808721257484,60.0626863345972,84.3994854790761,184.854347826087,82.2826683291771,6602.30071942446,..,111.738503118503,100.204667328699,18.0285459092533,17.7225938087799,41.2138373904657,..,90.6149005229308,320.182666241429,180.826923076923,274.619672131148,..,284.164102564103,13.1275938552189,3.38426923076923,22.4581399750626,191.094854564163,112.736903724679,51.3603243783938,47.0947132535561,130.804584157059,68.5515803631473,111.188398602684,148.108333333333,269.953411306043,68.1024394953656,91.56200901732,10.6928563828655,27.6505263157895,338.3,148.289895400631,80.2812818255571,82.6897212052943,253.471925763651,32.8786113609374,19.0186892926523,61.6261147198062,18.7321575061526,31.2058239328836,271.188928134938,309.534285714286,580.481063122924,42.8841373562892,16.6831313307954,32.1844849424842,51.7437759772423,45.772737672964,32.0790627948939,106.389683395015,32.5802562217883
Population density (people per sq. km of land area),EN.POP.DNST,2008,YR2008,40.5182205663646,107.566204379562,14.5144272674599,279.455,161.81914893617,17.3991513595893,189.206818181818,14.7162334791299,104.791745697225,544.422222222222,2.76599442875181,100.842171594765,106.059762547351,36.2432567432567,1460.97763157895,1117.1646155028,634.03488372093,46.9585563473992,353.697919418758,13.4007452871548,78.9860677545229,1208.75925925926,18.095259333106,9.12082802547771,77.019375,3.54193354860339,23.0520566776819,174.1,72.973055028463,68.98592210662,55.5479349415205,322.356269470405,126.634243176179,78.9932472241106,39.7221996572952,3.70830229800827,213.0125,7.17074865966805,8.81405972045743,780.176767676768,22.4085338626986,141.097705219827,39.4910437133844,338.242880171951,27.4584698176044,11.9754084919473,88.169232275754,63.6617893081761,77.0085233364306,105.943338970312,..,118.224025974026,134.445921802175,137.340525,38.088265746333,91.7093333333333,197.121672531567,58.3700958286359,84.2280204932443,292.861920849421,35.4713368983957,24.82935091982,31.5425807973579,63.3645348837209,74.7470027505537,34.6783667621777,49.0821565407772,17.4840375123396,117.576245030198,80.8291558628637,6.20940738153452,179.895454545455,67.3300150460128,235.522178240542,106.909057748088,3039.8,85.9413576415826,0.137234742355951,330.817647058824,305.046296296296,128.212943262411,39.800524987791,52.9314011379801,3.83108966217932,347.432764876633,72.4084100455805,6626.47619047619,112.020845887736,3.16622443890274,405.872078810974,126.729233099638,45.0148542449471,66.8047214029312,65.1697488750181,143.854385964912,337.744916820702,198.928475777599,250.357617728532,351.338820301783,75.1685516772439,5.84395969922584,68.8528218013143,128.353086419753,203.214409102234,505.770780492834,..,148.761503928171,27.7304483837331,26.5851863084922,34.9899882687579,477.772531769306,65.7119235836627,39.2845411129568,3.5397717585278,221.25625,51.0288153171121,189.806794434561,18117.7397260274,35.2746139560477,147.320990666101,84.20117485923,1122.94333333333,11.9252878650046,1279.309375,298.977777777778,3.13702920345396,612.867487684729,56.4235134648525,155.291428571429,99.8653879625439,15718.7962506167,1.69113710604802,45.8713011152416,70.8827963253417,27.7799168341006,74.5886118381779,2.47610441035358,512.15,187.523850715033,487.132494075829,13.2795404814004,16.1778891800539,47.2639521356158,12.2011328649246,167.311731831308,81.1295283392786,130.504347826087,13.0548674310872,8.56551857835218,241.1944206621,41.5260869565217,47.0174334140436,15.7620191670715,14.208779260005,22.50483203125,306.041271757722,124.471952334313,115.427757734776,423.998421645998,124.39939707149,89.3339495432797,8.71609568861449,396.513822456425,67.76925795053,511.666666666667,181.254166666667,12.7633998390466,61.667942658287,84.0409558655385,189.034782608696,84.3843169853145,6913.42285714286,..,111.834365904366,100.332370372576,18.4351911396927,18.2434883795071,41.6834793791063,..,92.1293223736969,323.48338383033,181.369230769231,276.354098360656,..,282.861538461538,13.4954718013468,3.42267948717949,22.6337796193202,193.541360670795,116.935629492485,52.3337167762218,48.3979272973583,131.786175106187,70.1463349024882,114.404890604891,148.516666666667,271.501559454191,68.7460092687951,92.6688486675415,10.8528568084608,28.8652631578947,342.4,152.694369651169,79.8491144790444,98.4044635313996,255.474703426611,33.2436868537795,19.0613986972917,62.6258409466772,19.1921246923708,31.6692171645598,273.655467531139,309.705714285714,596.673920265781,44.1862302782355,17.289667603815,32.4424117875145,52.3958897948424,46.115519524021,33.0114037464609,108.113773142014,32.8654799728828
Population density (people per sq. km of land area),EN.POP.DNST,2009,YR2009,41.9871931680542,106.843759124088,14.7774471604793,276.83,157.131914893617,18.0538012352611,192.122727272727,14.8662574131524,104.119985950123,551.177777777778,2.8235883784804,101.106677169171,108.291290455327,36.7689310689311,1551.91184210526,1127.04010140585,636.723255813954,46.8441433626748,356.555250990753,13.7733888645331,81.3454593827598,1215.48148148148,18.3035915733137,9.27842425920798,75.7373046875,3.61547297654968,23.2728273276112,180.293333333333,74.0628083491461,68.5744565217391,57.2003728070175,339.14976635514,127.949875930521,80.193405846363,40.8691882972647,3.75088477166589,219.175,7.32694468522264,9.12970775095299,786.469696969697,22.6398419973855,141.801244134798,39.9404389364579,345.240730789898,28.34971967976,12.4662664714495,89.3679396788093,65.0244088050314,76.927685655064,106.005120255543,..,120.235281385281,135.214085965821,138.077375,38.8741587575496,91.716,199.711467605051,59.3604686745048,85.8918720176804,293.976254826255,37.2080570409982,25.4720276913133,31.4818353385232,63.6561627906977,76.8708614705844,34.6912607449857,49.3367816091954,17.5678545574202,118.181082517437,81.3261307980409,6.41728567547638,185.584881422925,66.7346478183281,234.939637417171,109.65439922651,3081.9,86.1677036462374,0.137222560604215,333.085294117647,304.777777777778,130.647536394177,40.7835056161485,54.3099573257468,3.81639827279655,353.071044992743,73.9771382607918,6640.7619047619,110.710814094775,3.17704738154613,411.558010083446,128.350924278263,45.6314527616101,69.7389942899245,65.8350268544056,145.464912280702,345.914972273567,199.836888522173,251.375900277008,351.294924554184,76.3741045280469,5.96096677408601,70.921818884633,130.859259259259,204.148401295573,508.013960436843,..,156.877104377104,28.0672575599583,26.9927642980936,34.4170376203256,483.981915933529,66.178162055336,40.5426287375415,3.61468963479091,222.96875,50.4653530115676,193.354334501216,18407.4915254237,36.3123637239055,151.664531183708,85.8840480900928,1163.45666666667,12.3199132921922,1288.990625,297.738888888889,3.22364994663821,614.497044334975,57.1256606394197,154.097142857143,99.739374107982,15984.7064627528,1.71221361029839,45.969814126394,71.7967219359175,28.53157506549,75.0280667380989,2.51177470879034,511.65,188.538130449948,490.079691669137,13.4545951859956,16.340435228438,47.9527920890809,12.6611786531933,171.937764748509,81.311300555115,124.034782608696,13.2205484552792,8.71578998384491,246.631410855127,40.9260869565217,47.8792440139898,16.2498123040233,14.3533199093884,22.6635359375,311.724690612738,124.564460624265,115.386472322306,421.69222096956,138.697157622739,88.5311962096844,8.71872030491785,407.123510336441,68.2600706713781,517.65,185.55,13.2501881666659,63.3409286864385,83.7046306883147,189.778260869565,86.7254364089776,7125.10428571429,..,112.006778956124,101.245371243634,18.8579135405502,18.6980536869959,42.1821785687789,..,92.9750651746681,326.62218147026,181.869230769231,278.177049180328,..,281.641025641026,13.8670686026936,3.46145512820513,22.8274214371936,195.977767173332,118.858745371379,53.3623606744784,49.6251219236848,132.736311143299,71.6570275722932,117.643390329105,148.811111111111,273.136647173489,69.4162203913491,93.8446253394488,11.0249547804992,30.0852631578947,346.933333333333,157.211951353786,79.4954964441069,112.540749084765,257.414417393461,33.5363992251367,19.1072791680951,63.6947321336407,19.6627563576702,32.1159707499575,276.513524660924,309.725714285714,612.807142857143,45.5131712029093,17.9153432249559,32.7770712162337,53.0446841447946,46.4684849279142,33.9667289050349,109.856113187847,33.108863569747
Population density (people per sq. km of land area),EN.POP.DNST,2010,YR2010,43.2204467749107,106.314635036496,15.0546843904037,274.245,152.168085106383,18.7408237747654,194.761363636364,14.904301546759,103.487636108184,557.45,2.86785858401781,101.350024236549,109.542344173442,37.2899100899101,1592.70997375328,1139.97955750173,638.862790697674,46.7409685463919,359.827807133421,14.121262604121,83.7682688896772,1206,18.5092216071569,9.43715498938429,74.4353125,3.6907592680818,23.4924866058716,183.706666666667,75.1523719165085,68.1245302137067,58.9065972222222,355.397390965732,129.33300248139,81.3705642420122,42.0512280256394,3.79282222363503,225.308333333333,7.48028347619506,9.44625714739517,792.590909090909,22.8694420683979,142.487743405,40.3930671473637,352.511552928533,29.2853077788315,12.9952679355783,90.5258911084998,66.4152264150943,76.7533950396684,106.073064637354,..,122.26038961039,135.626181535673,138.692075,39.6548317515099,91.6733333333333,202.354688470296,60.354263971654,87.6512260786579,295.078861003861,39.0204634581105,26.0002835003577,31.4101203113942,63.9488372093023,79.0714937699371,34.6776504297994,49.5440065681445,17.6484106614018,118.764941366835,81.7597234226448,6.64068382039042,191.430335968379,66.2496063543161,234.606908225034,112.396585215786,3126.2,86.278828549263,0.138640516506274,335.408823529412,305.37962962963,133.069120940649,41.7985023604102,55.7332859174964,3.79950215900432,357.143686502177,75.5289391366521,6689.71428571429,110.460874848117,3.17247880299252,417.266848065546,129.967352127994,46.2768332964955,71.9858053969424,66.1947307301495,147.066666666667,352.292051756007,200.452515572268,252.43730378578,351.358024691358,78.0722910565443,6.04580953439271,72.9484748919422,133.327160493827,205.019807324973,509.815967078189,..,165.171492704826,28.4040667361835,27.3978249566724,33.7081170552975,488.347996089932,66.625395256917,41.7354235880399,3.68959387112541,224.5375,49.418141204627,196.916246513832,18764.2087542088,37.3681139732435,156.113937208316,87.4074904885101,1205.25,12.7268548340832,1295.3375,296.755555555556,3.31761036188998,615.960591133005,57.8885264538697,153.697142857143,99.7787848154216,16368.0315737543,1.73539662093186,46.054126394052,72.7422473672418,29.3416961265546,75.6069375133944,2.54985606529898,512.05,189.477272410185,492.599881411207,13.6624726477024,16.5231096426266,48.6599135781951,13.1424512512829,176.721733258671,81.4831086439334,117.580434782609,13.3862623342204,9.31151534733441,252.250023349938,40.304347826087,48.7438391175679,16.7452833105154,14.5195393908885,22.835603125,317.391756380588,124.209200731357,115.439458456163,419.56313416009,147.588630490956,88.0107411432297,8.72263552192818,417.87721929469,68.7886925795053,526.8,189.727083333333,13.6819397215412,65.081395107256,83.3688085982163,195.152173913043,89.1756442227764,7231.81196581197,..,112.108876920838,101.685826607499,19.3066809574848,19.1708626900883,42.68844108846,..,93.1519309613808,329.589491309201,182.319230769231,280.22131147541,..,280.276923076923,14.2003085016835,3.50051282051282,23.0228627359425,198.032658685794,121.6444099548,54.4568376679051,50.9263118085347,133.630505588287,73.2001344989913,120.828369185512,149.143055555556,274.911500974659,70.1278514418126,95.1045892181958,11.2101164003149,31.2905263157895,351.666666666667,161.289287851586,79.180316578057,119.427921712194,259.440189310958,33.8157800778799,19.1558164781168,65.5263230341461,20.1356029532404,32.5548687716116,279.006339093631,309.591428571429,628.930398671096,46.8661969430081,18.5529614334333,33.1905674033863,53.6922448003015,46.8087530566786,34.9423819789494,111.664096426979,33.3161522415861
Population density (people per sq. km of land area),EN.POP.DNST,2011,YR2011,44.8448507428361,106.02901459854,15.3432116855744,271.55,150.142553191489,19.4586596615064,197.111363636364,15.0771515955406,102.879381805409,562.711111111111,2.90798641031983,101.692232186137,110.976336228798,37.7572427572428,1580.28292046936,1153.96024429592,640.66511627907,46.6297521068454,364.539762219287,14.4470846120123,86.2573607662292,1195.62962962963,18.7142482356954,9.59683005630943,73.1082421875,3.76552679406419,23.711651396124,186.413333333333,76.1870967741935,67.6890935887988,60.6822039473684,368.213901869159,130.898511166253,82.5622309086789,43.2588119565907,3.83012473244929,231.216666666667,7.59578477639732,9.78218710292249,797.065656565657,23.0972883480469,143.268509836432,40.8372230734565,360.059645351961,30.2835266094705,13.4237657393851,91.6554249902076,67.8079056603774,76.4888499749839,105.730795504524,339.709459459459,123.927056277056,135.90687556649,139.2643,40.4146246764452,91.656,205.003870834196,61.3533902399742,89.607769350545,296.204102316602,40.8052762923351,26.4893614728256,31.3149091766926,64.2657558139535,81.3573967500598,34.6604584527221,49.7183908045977,17.7309947678436,119.339599347648,82.1852492077211,6.87895370046959,197.451778656126,65.7203016200707,230.304633348634,115.170699657203,3170.1,86.1512723041117,0.138603971251066,337.994117647059,306.757407407407,135.512458006719,42.8443431548104,57.2196657183499,3.78069596139192,361.186937590711,77.0623290731969,6734.85714285714,110.148315475533,3.18218453865337,422.987158910127,131.609691832679,46.8718356295587,74.5488602873457,66.4840179997097,147.982456140351,358.863216266174,200.797546987333,253.57054478301,350.707818930041,80.0853795899977,6.13297847909027,74.9115226482061,135.643209876543,205.828328211943,513.804280275749,..,176.421156004489,28.7518248175182,27.80037694974,33.0999244700853,493.162854349951,67.1171607378129,43.4089493355482,3.51690328153949,226.18125,48.3153301209433,201.342029008025,19097.0903010033,38.4124270576406,160.650127280441,88.8270674174403,1248.13333333333,13.1452757357461,1300.8375,294.283333333333,3.41927719025905,627.142714071107,58.7208935415006,154.124285714286,99.7210931780946,16746.4232856438,1.7620385739675,46.1025278810409,73.7255187093883,30.2149355273532,76.2211605871818,2.59002295667383,514.15,190.208573421695,495.049644128114,13.914113785558,16.6495765447571,49.381361143427,13.6442030472882,181.674566575535,81.6232751784298,114.173913043478,13.5610386481366,10.3614539579968,257.631198111249,39.6521739130435,49.6189669087974,17.2385218389789,14.70913415555,23.02946953125,323.097270013751,124.296296901022,115.269789278305,414.738669673055,155.398018949182,87.5332493374462,8.72944024102286,428.736603161735,69.3819787985866,541.583333333333,193.795833333333,14.0257176616163,66.877265880642,82.7132289046421,190.089130434783,91.6096564145193,7363.19318181818,983.382352941176,112.260522375645,101.898292465005,19.7828152911754,19.4740284375299,43.2311905959162,..,93.5078358806114,332.638223568809,183.003846153846,282.204918032787,727,278.725641025641,14.4863737373737,3.53939743589744,23.1973780115221,200.249864435738,123.785508903774,55.6217419262646,52.4001253104538,134.496361251933,74.8470746469401,124.079279279279,149.459722222222,276.80701754386,71.0126673532441,96.3759910606395,11.4076798672143,32.4378947368421,356.666666666667,166.046967883503,78.8960954222191,120.743522951281,261.475674781962,34.0624439459432,19.2071591818078,67.321693677735,20.6147662018048,32.9869723938552,282.009668543558,309.4,645.014285714286,48.2520029547133,19.1902150957102,33.6714101072767,54.3385587112143,47.170955770775,35.9408568486381,113.499057822553,33.4572840102339
Population density (people per sq. km of land area),EN.POP.DNST,2012,YR2012,46.7112506324456,105.854051094891,15.6442613383493,268.455,151.091489361702,20.2039720863079,199.259090909091,15.2495426957383,102.368141903758,567.288888888889,2.95920036968095,102.156943771207,112.460790244138,38.1679320679321,1590.82987012987,1168.40016132749,642.318604651163,46.5593029044007,366.807529722589,14.7768084173608,88.8087797091167,1199.96296296296,18.9192486292206,9.75694359826456,71.7651171875,3.83855627900411,23.9261016206955,189.473333333333,77.1601518026565,67.2981577008106,62.5501900584795,381.443886292835,132.472456575682,83.7675050985724,44.4938418903768,3.87193949310642,236.916666666667,7.66205335644804,10.1293726175349,801.116161616162,23.323503225147,144.243669001474,41.2640081117621,367.841483073616,31.3172933989105,13.8016310395315,92.7652369761065,69.2160754716981,76.2554141948395,106.04215698225,342.540540540541,125.168398268398,136.097177262722,139.7893,41.1689818809318,91.8506666666667,207.635727592631,62.3445119987115,91.6574172484806,297.359507722008,42.5538680926916,26.8627275439181,31.2030195800896,64.6188372093023,83.6902220297817,34.6647564469914,49.8663929939792,17.8155615518773,119.918547292793,82.5652549697493,7.12812900221213,203.657509881423,65.238006928164,230.750625466231,118.039738068032,3216,85.6866640806827,0.138409063223292,340.917647058824,308.133333333333,137.942721164614,43.9064463617125,58.773719772404,3.77935483870968,366.782982583454,78.5804540173385,6809.61904761905,109.580934496852,3.19916209476309,428.65986196644,133.273056091576,47.4744290134826,77.9711894455701,66.7663376397155,147.961403508772,365.549907578558,201.339509262203,254.830747922438,350.148148148148,81.2329691371931,6.2199837018928,76.8278560635345,137.8,206.691886055975,515.875583187751,..,190.497362514029,29.2346193952033,28.2010528596187,32.691902228936,506.191300097752,67.6784584980237,44.9723837209302,3.3360253248008,228.15625,47.6716501260491,206.235870823396,19490.5016722408,39.4747978239758,165.26570852779,90.2760980063917,1291.79666666667,13.5345208533097,1312.5875,290.016666666667,3.52780925584554,628.884326489735,59.5467522312817,154.617142857143,99.6732759521901,17118.8949185989,1.79312603023069,46.1413382899628,74.730380909702,31.1396665734123,76.8861440710403,2.63269321867143,522.2,190.657091035926,496.884994068802,14.1684901531729,16.7411036420949,50.113071297989,14.1741588379253,186.738618970761,81.72260111023,113.823913043478,13.7403297521657,11.4235185783522,262.305236872146,39.0130434782609,50.5093085821899,17.7241200370976,14.9089403473446,23.24186640625,328.779947680853,124.300058781268,114.803406485424,409.750620067644,164.139534883721,87.201265107382,8.74414469920076,439.413619781111,70.008480565371,552.2,197.8375,14.337668687113,68.7260842466109,82.3127944203064,191.963043478261,94.0508035466888,7524.69830028329,1018.82352941176,112.451734320413,102.114049151928,20.284494462308,19.8302770427519,43.8096373723302,16.9347934106626,93.5068371284061,335.148253867007,183.565384615385,283.809836065574,720.52,277.135897435897,18.8221584582441,3.57763461538462,23.3696200002111,202.390548012367,123.103942710886,56.8475421549014,53.9468694965003,135.365779326274,76.5081371889711,127.351259422688,149.308333333333,278.825925925926,71.9257402162719,97.8099073580812,11.6159470559445,33.7694736842105,361.8,170.922077598245,78.7014810467445,122.007448606026,263.300190137643,34.3132448275033,19.2614158381899,68.3214777420835,21.108531583265,33.4112873419874,284.891790580526,309.108571428571,661.129235880399,49.6683353220827,19.8343507445621,34.2906320279178,54.9600362501448,47.5800220603985,36.6218948632339,115.315183173694,33.6423905004652
Population density (people per sq. km of land area),EN.POP.DNST,2013,YR2013,48.3590282569032,105.660291970803,15.9549850109584,264.975,151.844680851064,20.9729702414374,201.129545454545,15.421160233713,101.910256410256,571.555555555556,3.01057352615753,102.760821619001,113.923480806688,38.5264735264735,1638.53636363636,1183.29983099024,643.872093023256,46.5393725235082,368.540521796565,15.1112669881631,91.4218694572543,1203.72222222222,19.1224125718183,9.91724268439029,70.65544921875,3.91240626047677,24.1347676636189,191.046666666667,78.1218216318786,66.922577376566,64.4605555555556,395.232749221184,133.980148883375,84.9744108316338,45.763470203719,3.91306695934121,242.55,7.7087996404379,10.4961610546379,807.040404040404,23.5496589252379,145.207643927049,41.6745651194232,375.815690488984,32.4033528153327,14.1378213762811,93.8412651782217,70.6580754716981,76.0433314273461,108.631539052005,346.445945945946,126.295238095238,136.159958559959,140.3733,41.922044866264,91.7586666666667,210.247381494515,63.3072515703012,93.8047013913306,298.534845559846,44.3472727272727,27.2316122364646,30.3196917414309,65.0185465116279,86.024074556913,34.6833810888252,49.9974274767378,17.8978314521702,120.539576701604,82.9824258138865,7.38241161175146,209.967292490119,65.0419538822212,231.155712565925,120.970365649996,3241.1,85.067579519007,0.137612376659764,343.955882352941,309.359259259259,140.388027248973,44.9919827445873,60.3752844950213,3.79690119380239,372.322423802612,80.0845205112164,6837.04761904762,109.27959792334,3.22956608478803,434.258174889597,134.899256944936,48.1709570470788,81.7311944864188,67.1188271156917,147.621052631579,372.435304990758,203.687120838096,256.059926131117,349.643347050754,86.6728317188556,6.31016446271808,78.7018448887796,139.89012345679,207.639058217756,517.612269825303,..,204.63063973064,29.8206465067779,28.5994020797227,32.3436289713468,555.117399804497,68.3115612648221,45.9646283222591,3.40158280005001,230.0375,47.1908895093738,211.05785290896,19583.300330033,40.5432674458577,169.970036062792,91.7206117790291,1335.76,13.9355616748211,1331.146875,285.288888888889,3.63147278548559,630.409113670506,60.3362668792922,155.155714285714,99.5771842462653,17476.5663542181,1.82703318161355,46.1863940520446,75.741714093659,32.1113596480073,77.5530317878361,2.67768344082887,534.7,191.011893965818,498.795844464233,14.4228665207877,16.8702290076336,50.8507478810038,14.7258222152049,191.844398695609,81.8410785091197,113.35,13.9120886837683,12.331760904685,266.367738169365,38.7065217391304,51.4064568200161,18.2078942719604,15.1161641077272,23.46781953125,334.373367542006,124.229110740995,114.156128691384,405.081961668546,175.323083548665,86.8742903099596,8.76278525750037,449.993919740576,70.6498233215548,554.75,201.830208333333,14.6451339495462,70.6153118994442,81.9132403384404,195.541304347826,96.4929204765863,7636.72135785007,1076.67647058824,112.572637664282,102.281678252234,20.8061807788496,20.487271654924,44.4102383170251,17.5747804345418,93.2009456028468,336.975857120077,183.719230769231,285.209836065574,712.78,275.51282051282,19.2669721627409,3.61504487179487,23.5684835040631,204.734336607627,117.060507542341,58.1352529294084,55.6035707834726,136.19096478694,78.1139878950908,130.653226696084,148.734722222222,280.843859649123,72.736122554068,99.4973129945558,11.831751537463,35.3621052631579,363.933333333333,175.910482744863,78.5224884347166,123.230737820332,265.069536642831,34.5518131888554,19.318820706205,69.3987227763895,21.6188679245283,33.8280380930786,288.388578631689,308.688571428571,677.194019933555,51.1089683125935,20.4939210912173,35.0405118262893,55.6399081183873,48.0017074803132,37.5601264534467,117.160396947959,33.8323114736981
Population density (people per sq. km of land area),EN.POP.DNST,2014,YR2014,50.160541526762,105.441751824818,16.2738871581281,261.085,152.385106382979,21.7601163070506,202.809090909091,15.5916453818299,101.507903055848,575.522222222222,3.05581479504836,103.567086766844,115.348813858679,38.8742257742258,1700.56290531777,1198.13550741338,645.332558139535,46.5506003261518,370.180217965654,15.446514686541,94.1366087264988,1206.25925925926,19.3183356507595,10.0775288470414,69.747421875,3.98845305524677,24.3426946665167,193.14,79.0618595825427,66.5432756079587,66.4102412280702,408.680412772586,135.502729528536,86.1705019261274,47.1739227010218,3.9526049038602,248.1625,7.70287007608591,10.8776413595934,812.686868686869,23.7879580166018,146.125816729087,42.0711554754394,383.993551853842,33.5394402417238,14.4798272327965,94.8744222483353,72.3130660377359,75.7342041312272,108.940838300327,351.146396396396,127.380411255411,136.30337995338,141.086875,42.6698446937015,92.4946666666667,212.836162285241,64.2534788210662,96.0292571198955,299.687548262548,46.1740819964349,27.4581109773081,30.2402806533241,65.4572674418605,88.3858063044422,34.7170487106017,50.1127531472359,17.9720030274112,121.105322368265,83.5128205128205,7.63323242907595,216.306225296443,65.0725007872914,232.108053883634,123.918247341127,3245.2,84.5028161365399,0.137154342794494,346.976470588235,310.264814814815,142.836095558044,46.1230872537848,61.9953413940256,3.81567183134366,377.820754716981,81.5787469836446,6885.2380952381,108.113828621521,3.2656957605985,439.678092890128,136.47252624341,49.0935877600138,84.6443629528618,67.6112643344462,147.185964912281,379.653419593346,205.564558126323,257.113850415512,349.179698216735,97.5222572651498,6.40378004963514,80.5282759953614,141.956790123457,208.671464164106,520.852499230217,..,211.087766554433,30.4249217935349,28.9924350086655,32.0404647500281,613.327663734115,69.0132411067194,46.9206602990033,3.46554440365095,231.85,46.805538707103,216.091529874226,19939.504950495,41.6225094534204,174.776898599915,93.1561680109572,1389.12666666667,14.3844925790246,1357.99375,280.105555555556,3.72870282332395,631.551326990486,61.0899904832943,155.748571428571,99.5164884911377,17814.5041933892,1.86406649867507,46.2312267657993,76.7389715438046,33.1121137363616,78.202419305445,2.7244361039245,547,191.573812347401,500.593885425942,14.6635667396061,17.1527856898713,51.5927871032076,15.293292808084,196.953145140925,81.9774385408406,112.730434782609,14.0704449094514,12.9540129240711,270.147919261104,38.6869565217391,52.4661764705882,18.690440754317,15.3302819028442,23.71402421875,339.82359392293,124.144273163722,113.541770372117,398.520180383315,192.729765013055,86.5306806328234,8.7818775504721,460.820875557357,71.2922261484099,556.483333333333,205.726041666667,14.9442775469951,72.5617202513894,81.529567802424,198.60652173913,98.9288999722915,7714.7023977433,1108.38235294118,112.700686356073,102.382323733863,21.3424437299035,21.2153457455287,45.1158207552614,17.7445033468897,92.9227364506907,338.693302503588,183.803846153846,286.563934426229,705.22,274.133333333333,19.8090176659529,3.65180769230769,23.8034986523533,207.250751433234,109.308021565104,59.9941492657761,57.3657168661097,136.939347021864,79.6792199058507,134.002261445119,148.091666666667,282.77992202729,73.564289392379,101.493020022608,12.0510544123593,36.8263157894737,363.3,181.211544983044,78.151107390081,124.414967614756,267.028884388046,34.8061342979769,19.3787110044566,70.5793400016981,22.1433141919606,34.2307783005499,291.142141423425,308.234285714286,693.255481727575,52.5660624656704,21.1703049543308,35.8168618327517,56.3192619231579,48.4102947181494,38.500652007329,119.027394267769,34.0257487812356
Population density (people per sq. km of land area),EN.POP.DNST,2015,YR2015,51.7509145546816,105.135145985401,16.6026255583626,256.84,152.651063829787,22.5617397930537,204.411363636364,15.7606327351655,101.109764664559,579.205555555556,3.10011259648803,104.734597673291,116.731076781631,39.2304695304695,1750.82519280206,1212.49135745563,646.704651162791,46.611337189252,372.33143989432,15.7768960982025,96.9562167435261,1208.09259259259,19.4998032374006,10.2373165328164,68.834453125,4.0674942212341,24.5495056316357,195.773333333333,79.9690702087287,66.1200350036846,68.4138121345029,417.723831775701,137.013895781638,87.3415080444142,48.6823760868186,3.98221511356196,253.795833333333,7.73593534302867,11.2295695679797,819.141414141414,24.03410209648,146.977949259981,42.4693357368184,392.378291241268,34.6957076376789,14.8298272327965,95.8723462593028,74.2035880503145,75.1126438424702,108.93269932757,355.810810810811,128.493506493506,136.589288952208,142.087075,43.4106557377049,93.3426666666667,215.397060649969,65.2113947495571,98.1704746597016,300.727123552124,48.0204278074866,27.5831182535293,30.26011042098,65.926511627907,90.8004623211398,34.9684813753582,50.2025177887247,18.0301108880919,121.536702115031,84.0642466148084,7.87253851825979,222.641600790514,65.1750586094685,234.152986871524,126.882917289268,3252,83.947889837083,0.136713363381654,349.941176470588,311.07037037037,145.27266703994,47.3140078137718,63.6173186344239,3.8355651511303,383.300326560232,83.0682366610064,6944.09523809524,107.85698005698,3.29990024937656,444.931708030768,137.996989644313,50.2166316707188,86.9739178306859,68.2531136594571,146.654385964912,387.250462107209,205.366538391305,258.028162511542,348.809327846365,106.941270556432,6.49805756195133,82.3197947780862,144.082716049383,209.766755252886,523.525547744882,..,219.345847362514,31.0578727841502,29.4082279029463,31.7792437366417,625.507331378299,69.7800065876153,47.8854754983389,3.51923514100276,233.46875,46.3672785315243,221.251835336342,20238.125,42.713839807494,179.666334323292,94.5634850098919,1451.94,14.8443332595743,1390.790625,274.5,3.82867953817794,632.388082123185,61.8070922606034,156.374285714286,98.7560678343838,18135.1751356685,1.90382964798196,46.2571747211896,77.7066054223616,34.1352094407284,78.832530470999,2.77266090927863,559.25,192.60777816533,503.116216216216,14.7407002188184,17.5056017621815,52.3400199434934,15.8902060472093,202.022228444064,82.0866772402855,111.986956521739,14.2079384825517,13.5437027463651,273.673331776671,38.6826086956522,53.3877361036158,19.1718721017533,15.5498363956708,23.99364296875,345.545712177617,124.061569613639,113.072519583956,391.570687711387,210.145604873803,86.1248956884562,8.79880404497318,471.948074584516,71.9332155477032,559.5,209.504166666667,15.2346840707265,74.5659429699268,81.1271781385776,203.084782608696,101.340717650319,7806.77291960508,1141.91176470588,112.803148787488,102.446109241111,21.8885316184352,21.9401058437211,46.061301304932,17.714460462393,92.9526859210545,344.735220461118,183.807692307692,287.906557377049,700.4,273.030769230769,20.4342494646681,3.68894230769231,24.0582617728817,209.626620751132,104.586276752165,61.416982491534,59.3168017611199,137.592039382254,81.0903160726294,137.400790586505,147.391666666667,284.634892787524,74.3935311534501,103.486321998883,12.2708296980401,38.4610526315789,362.566666666667,186.900837821664,77.9472043363428,125.554759222754,269.153139337825,35.0633286762825,19.4424522911667,71.0369950068089,22.6774405250205,34.6122283317272,294.181235102096,307.748571428571,709.317607973422,54.0116767998182,21.8569391571046,36.5902468657102,56.9895880770659,48.8028150972813,39.481889976623,120.847778279414,34.2169653501626
Population density (people per sq. km of land area),EN.POP.DNST,2016,YR2016,53.1042837649295,104.967189781022,16.9369083372205,252.24,154.340425531915,23.385534611374,205.827272727273,15.9281350828921,100.661573586231,582.633333333333,3.14493553058884,105.873339796413,118.033288980283,39.558041958042,1809.57766367137,1227.50686025966,648.020930232558,46.6499448243246,374.221334214003,16.1031565103025,99.8588595246541,1195.44444444444,19.6560664848993,10.3969491368965,67.9880078125,4.1508584334692,24.7494751224555,198.26,80.8337760910816,65.6579034635225,70.4513815789474,424.584384735202,138.559305210918,88.5145252662588,50.1610501152927,4.02756394169263,259.395833333333,7.87212591094417,11.5887746188056,826.873737373737,24.3215880419404,147.822641376791,42.9256016223524,400.984416980118,35.9193564323681,15.1883572474378,96.8508617312965,76.143465408805,74.5898970766922,109.015878508266,359.603603603604,129.640800865801,136.851858567543,143.20025,44.1441328731665,93.4333333333333,217.917449803353,66.1925632146883,100.240122557637,301.665540540541,49.8726203208556,27.7944964140683,30.2689210950081,66.4258139534884,93.2988650214501,35.458452722063,50.2666119321292,18.0820078312658,121.857823021165,84.5695764909248,8.09642566072884,228.972924901186,65.2140557752196,235.712929356538,129.886187044036,3256.5,83.5994647013189,0.136888780606651,352.841176470588,311.751851851852,147.701474430758,48.555205111509,65.2401137980085,3.85616967233934,388.746335268505,84.5544552685673,6987.2380952381,107.539151873767,3.34602493765586,450.235719883358,139.466062394042,51.1470265723618,89.1394772970184,69.027943097692,146.40350877193,394.916820702403,205.017949533001,258.789935364728,348.631001371742,112.239873845461,6.59112308775049,84.1527040798398,146.312345679012,210.859654513745,525.370072521002,..,227.165263748597,31.6970802919708,29.8585918544194,31.4901409356067,611.790713587488,70.6150197628458,48.8589804817276,3.57036270843516,235.05625,45.7876664218895,226.072263698018,20547.1475409836,43.8328308697147,184.616291896479,95.9562258408157,1514.17333333333,15.3255689687672,1422.9875,268.494444444444,3.93120209566314,632.822734101152,62.5114951516243,157.035714285714,97.614165825121,18288.6038480513,1.94544517232048,46.2678810408922,78.6629262827694,35.2202408504794,79.4943916786666,2.82203354832441,571.85,194.35776770143,505.800831600832,14.7822757111597,17.9032319319433,53.0931942828652,16.5167308755033,207.151016173128,82.1764472640761,111.158695652174,14.3354243797401,14.2102423263328,276.988428808634,38.7304347826087,54.3218564490016,19.6510378483417,15.7730052856783,24.32248359375,351.729771606801,124.008253045495,112.716384151187,384.066741826381,225.863011314186,85.6322453059805,8.81379634814223,483.619740575598,72.6303886925795,563.9,213.158333333333,15.5446924905451,76.6184802368462,80.7034301394923,205.819565217391,103.822568578554,7908.72073342736,1175.55882352941,112.953369384359,102.52417833383,22.4402286530904,22.7832546944241,46.511201971824,17.5115993860079,93.0492629572988,346.169906128318,183.8,289.201639344262,696.22,271.7,21.0798549250535,3.72726282051282,24.362449750883,211.931572125581,103.274258018842,62.8670509402695,61.4154459245879,138.2039910744,82.3511768661735,140.859606545321,146.815277777778,286.41910331384,75.2167031410917,105.270576770656,12.4881599387143,40.2589473684211,361.733333333333,193.239073409136,77.689366293221,126.644086172909,271.200731616583,35.3183471405052,19.5050051422695,72.2844996833798,23.2336341263331,34.8522918201916,297.161429797662,307.188571428571,725.429900332226,55.4463359660587,22.5558065080241,37.3599689802249,57.653845018047,49.1762757662337,40.5337596671027,122.670969693588,34.4021796735334
Population density (people per sq. km of land area),EN.POP.DNST,2017,YR2017,54.6485411587937,104.870693430657,17.2716286111714,247.315,157.1,24.2308719018208,207.088636363636,16.0941907925267,100.17291886196,585.772222222222,3.19736584148247,106.61131846825,119.208741622511,39.8621378621379,1867.7358974359,1242.94356610586,649.272093023256,46.5987595325832,375.66571994716,16.4266988163086,102.844794253281,1182.83333333333,19.8228030620805,10.5562014215822,67.18802734375,4.23806751010181,24.9463349501205,200.4,81.6462998102467,65.1800571112749,72.4994809941521,434.407827102804,140.187096774194,89.6821266711987,51.6028452962704,4.07616632034255,264.920833333333,8.02070852996886,11.9805304955527,834.419191919192,24.7044875002017,148.720043543977,43.5796944569626,409.27673293928,37.177509538828,15.5559004392387,97.8034077555817,78.1384150943396,73.6997176756486,109.213921001927,360.754504504504,130.792532467532,137.21587877218,144.1245,44.8763157894737,93.8706666666667,220.39420409853,67.2287969077146,102.254644633081,302.444691119691,51.7181461675579,28.0573090388862,30.816,66.9412790697674,95.873182081101,35.9813753581662,50.3020799124247,18.1238944459068,122.211970625889,85.1195620858542,8.30603096984515,235.294664031621,65.2227859617201,236.588722557747,132.821754416806,3260.2,83.4342823894492,0.136854671701791,355.65,312.233333333333,150.125214632325,49.8160060231157,66.8501422475107,3.87732791465583,394.17790275762,86.038448476182,7041.14285714286,107.253626999781,3.42543640897756,455.468934040542,140.876791127014,52.0832517719569,91.2660828142852,69.7835389751778,146.631578947368,402.647874306839,204.710937447163,259.314496768236,348.345679012346,115.063989637306,6.68140015557284,86.0036845064483,148.595061728395,211.911975749522,526.734806686494,..,231.476094276094,32.3159541188738,30.3202642980936,31.2123033409935,597.189833822092,71.4959486166008,49.7989098837209,3.62495936437933,236.80625,45.1525837710126,231.635372078028,20734.0584415584,44.9803059470608,189.660235468816,97.3240176533252,1574.80666666667,15.8265147231169,1462.496875,262.15,4.03610652954303,633.393590385578,63.1905439954731,157.757142857143,95.9093883802694,18275.2836704489,1.98813245405988,46.2730855018587,79.6059041003809,36.3303250336987,80.1046970509383,2.87205480450388,584.1,196.605692361353,508.8,14.8145514223195,18.2811135163875,53.8518530829317,17.1610657614273,212.453096830155,82.2562252180809,110.280434782609,14.452576255125,14.6748109854604,280.691748391449,38.7760869565217,55.2625876956287,20.1271827937994,15.9964862824062,24.6917859375,357.978673240098,124.0237303635,112.441815784188,374.891319052988,236.01000870322,85.1387126216968,8.8232207375402,495.757559789218,74.6870503597122,567.6,216.704166666667,15.9060711079272,78.7295122837999,80.275074319689,208.354347826087,106.366929897479,7882.37780898876,1193.35294117647,113.128785357737,102.610871929328,22.9951411218292,23.6940431026238,46.6916791004789,16.8661497317741,93.2709101549633,347.48377037791,183.788461538462,290.431147540984,689.92,270.638461538462,21.7772098501071,3.76640384615385,24.6929419766692,213.918480127503,103.378385884659,64.3095684127099,63.5211469857756,138.773908277711,83.6069266980498,144.379389593675,146.409722222222,288.227485380117,76.0262808959835,106.661416524824,12.7005788096099,41.9410526315789,360.933333333333,200.11512567325,77.388460210599,127.686510842016,273.049472988054,35.5424948236771,19.5531939206948,73.51221549384,23.8095980311731,34.6504540558925,300.038761594497,306.517142857143,740.000830564784,56.8865446900392,23.2691507822274,38.1313196329327,58.3193954024802,49.5456982394856,41.6367434286752,124.51604459889,34.5775487845121
Population density (people per sq. km of land area),EN.POP.DNST,2018,YR2018,56.2482314520951,104.612262773723,17.6035123046545,242.12,159.602127659574,25.085050934467,208.240909090909,16.2585100979651,99.6331928345627,588.677777777778,3.24578498235834,107.131858943286,120.25759188908,40.1504495504496,1911.74807197943,1257.46299454559,650.437209302326,46.5010592176569,377.379590488771,16.7499342393687,105.894670095779,1183.66666666667,19.981541688516,10.7143958275639,66.40876953125,4.32553244049195,25.1451389902538,202.233333333333,82.4049335863378,64.7110998526161,74.5348062865497,447.565109034268,141.73746898263,90.7842624065262,53.0489031329991,4.1341488959455,270.35,8.17807955311567,12.3921616899619,844.742424242424,25.1521790588704,149.417194545073,44.4136647138351,417.148307361634,38.4143953596083,15.932831625183,98.7217783000392,80.1697735849057,73.0441533843185,109.135298651252,358.864864864865,131.908116883117,137.675534257221,144.8409,45.6081967213115,94.4306666666667,222.842703374043,68.5121275567724,104.214942990607,302.912258687259,53.5504812834225,28.4558890829406,30.9234385964912,67.4667441860465,98.4699947600283,36.5007163323782,50.3008210180624,18.1479501184522,122.650880182337,85.7407087294728,8.50705165521791,241.592490118577,65.197330207495,237.294012250272,135.671270985321,3264.8,83.2651823118697,0.136491655500061,358.347058823529,312.366666666667,152.547125793206,51.094188507244,68.4550142247511,3.9904191008382,399.579862119013,87.522119939226,7097.71428571429,107.117729563883,3.49817514628583,460.44931739983,142.244548790185,52.7689134052388,93.4993826705488,70.6534475250399,146.973684210526,410.480591497227,204.322225904409,259.633887349954,347.903978052126,117.817808064879,6.76980849724043,87.769800049197,150.93950617284,212.923752180051,528.969011484824,..,242.266273849607,32.9655891553702,30.7842547660312,30.9700612274415,581.704692082111,72.3984519104084,50.7619497508306,3.68152642167839,238.63125,44.731646175954,236.146609386046,19786.9604863222,46.1439343416982,194.822687738651,98.6129082331456,1632.52666666667,16.3370442308165,1514.46875,255.494444444444,4.14350635490443,633.739108662994,63.7947791867075,158.47,94.2543946689506,18267.883571781,2.03177450064376,46.2622304832714,80.5008088729554,37.4168697067575,80.689465297993,2.92203233368558,596.2,198.860913847227,511.779744579745,14.8342450765864,18.6115225399719,54.6138690377264,17.8235241177864,217.824064253324,82.3242268041237,109.35652173913,14.5488896436123,14.8664200323102,285.039797374429,38.8347826086957,56.1506470746832,20.6006867464559,16.2177900830607,25.15933125,364.117235134319,124.031583760656,112.261935951514,360.017361894025,240.794778067885,84.6399947844228,8.82206789209416,507.977624645318,75.4320143884892,569.266666666667,220.15,16.2898524903591,80.896011011271,79.8376857992225,210.352173913043,108.912177888612,7897.30532212885,1202.79411764706,113.285586522463,102.992292564709,23.553018935334,24.5657761341537,47.2674203892539,16.4501273875271,93.6697920792501,350.284495021337,183.696153846154,291.619672131148,677.04,269.951282051282,22.4834362955032,3.80586538461538,24.9814588688378,215.500094533915,105.284882644448,65.7693781972765,65.5796376157146,139.223320088473,84.8584398117014,147.944088986946,146.041666666667,293.31559454191,76.8089662718847,107.596252744825,12.9063179622497,43.6705263157895,362.166666666667,207.038674446439,77.015046599931,128.698521543227,274.708981936924,35.7300964643583,19.5808593303622,74.8004366901429,24.388679245283,33.8140162122329,302.825616008729,305.717142857143,758.984551495017,58.3186790916151,23.9926458521099,38.9096135453018,58.9620925244172,49.8816346962263,42.7841128456253,126.305612129257,34.7452243851976
Population density (people per sq. km of land area),EN.POP.DNST,2019,YR2019,57.9082516903546,104.167554744526,17.9303156808402,236.605,162.431914893617,25.9513820486083,209.356818181818,16.4208266190179,99.0727783631893,591.344444444444,3.29435141874306,107.609306834707,121.280071139933,40.4152847152847,1915.62564102564,1271.53892601982,651.581395348837,46.4107506220284,379.424702774108,17.0580885576502,108.996488116353,1183.53703703704,20.1221552176193,10.8717022062217,65.63888671875,4.41074585781589,25.3385176606278,204.066666666667,83.1210626185958,64.2571941783346,76.5776279239766,462.415809968847,143.183622828784,91.8181849082257,54.5415603647056,4.19394931064213,275.558333333333,8.36194420366625,12.8072315756036,855.606060606061,25.6068131566631,149.948179684945,45.2342550698513,425.032778076303,39.658097527624,16.312541727672,99.57955346651,82.2250031446541,72.6405010363805,109.024055876686,354.596846846847,132.990909090909,138.226810266108,145.36055,46.3327868852459,95.2373333333333,228.942837306179,69.8330649057819,106.101432517957,303.099276061776,55.3665240641711,28.8966156462492,31.0385497076023,68.0007558139535,101.119564793866,37.0207736389685,50.2717569786535,18.1673609054717,123.070294051578,86.348890809565,8.70409826522296,247.913339920949,65.0855698239966,237.822954291766,138.535158653424,3268.5,83.1775174553918,0.136983798270191,360.952941176471,312.266666666667,154.946117954461,52.4073701774377,70.0731507823613,4.05767335534671,404.950580551524,89.0055322191438,7150.38095238095,107.069263642341,3.5759496181692,465.194639427685,143.584633764026,53.3523587057011,95.7402425091217,71.6263608651473,147.250877192982,418.391866913124,201.980545589195,259.812834718375,347.415637860082,120.488805549925,6.85767789013594,89.5235794356397,153.383950617284,213.897857320821,530.377274590164,..,249.219977553311,33.6611053180396,31.2480632582322,30.755491989008,565.191300097752,73.3103425559947,51.7575685215947,3.73341214180979,240.5125,44.6205206004471,240.827591028798,20171.8237082067,47.3240529391543,200.12024819686,99.8448333586973,1681.69333333333,16.8559191601308,1575.19375,248.488888888889,4.25327350344426,633.943415122684,64.3459507703387,159.112857142857,92.756093569939,18270.350271337,2.07571898811886,46.2474349442379,81.3453013667936,38.5126719906407,81.2627730963689,2.97178879860074,606.6,201.133561213812,515.143272943273,14.8380743982495,18.9100300026585,55.3758018946319,18.507454803821,223.222648967357,82.3431403647898,108.386956521739,14.6479975020132,14.8716252019386,289.660232461602,38.9478260869565,57.0575896468051,21.0716027028221,16.436008054367,25.64442265625,370.194197940772,124.025595374212,112.288582794065,360.055693348365,244.319843342037,84.1952712100139,8.81769599441163,520.268666396433,76.2248201438849,569.633333333333,223.540625,16.6662923491294,83.1079883654495,79.4104161902584,212.228260869565,111.482793017456,7965.87849162011,1223.76470588235,113.43899750416,103.711934605987,24.115505537692,25.4747027130424,47.8835494481036,16.5329482695868,94.3508089023978,352.431694638296,183.507692307692,292.759016393443,662.42,269.035897435897,23.1435187366167,3.84808333333333,25.2376654802124,217.042781721823,109.449714099003,67.2743209164925,67.5915319485211,139.57557008358,86.1088096839274,151.555322669608,145.765277777778,296.287524366472,77.5573764160659,108.469893325364,13.1049730810972,45.3473684210526,365.2,214.188509874327,76.6071850189852,129.705111236271,276.263080229819,35.8931756713915,19.588669866301,76.2228325634711,24.9716160787531,32.8458511422255,305.577071681306,304.768571428571,778.290033222591,59.7509157717295,24.7252142213374,39.6913739175391,59.5850969589711,50.1832838083551,43.9973164557594,128.061247414621,34.8920687450848
Population density (people per sq. km of land area),EN.POP.DNST,2020,YR2020,59.7522806371985,103.571131386861,18.2436570559099,230.945,165.31914893617,26.8135766423358,210.6,16.580892611147,98.5461187214612,592.138888888889,3.33531231068042,108.057004362579,122.124736829369,40.6064935064935,1882.12611464968,1286.17155258508,652.774418604651,46.211212927382,381.063540290621,17.3135028496274,112.12418410784,1183.2037037037,20.2544834819088,11.0183347179913,64.81263671875,4.49314841282445,25.5076253807665,206.066666666667,83.8187855787476,63.8726510685335,78.6645687134503,475.865537383178,144.575682382134,92.8895309313392,56.040885532356,4.23922642012405,280.4625,8.5765514141706,13.2184728398983,864.207070707071,25.9576117773008,150.305542803154,45.9041568273997,433.189682966147,40.9577045058556,16.6974348462665,100.33499804152,84.3138050314465,72.3316654753395,108.869922928709,348.97972972973,133.932575757576,138.575928842168,145.7851,47.0300258843831,95.9933333333333,231.420841135259,70.8189523272669,107.956335325732,303.703233590734,56.9001426024955,29.3774260253951,31.0999298245614,68.6427325581395,103.840062771756,38.3711566617862,50.3788724685276,18.1928768835954,123.404699419421,86.9835782195333,8.89732215624636,254.34733201581,65.1302704783232,238.017318755545,141.431796706412,3270.9,82.999216446858,0.137329760019491,363.714705882353,313.390740740741,157.319270250093,53.7406519615823,71.6866287339972,4.04979425958852,410.261284470247,90.4617302708017,7124.7619047619,106.839239535393,3.63446394922146,469.659566660725,144.796388212316,53.7998107858243,98.0286551431836,72.3672811728843,147.449122807018,425.836414048059,200.999100491348,260.428070175439,346.395061728395,123.079498614771,6.94731488683928,91.3409354464631,156.127160493827,214.828228552446,531.109006147541,..,244.693827160494,34.3060479666319,31.7131672443674,30.5391129680219,553.560410557185,74.2457180500659,52.8196013289037,3.78163724609841,242.225,44.6324656659214,244.874264894386,20555.7142857143,48.5135390168443,205.526739499364,101.05004717699,1714.79333333333,17.3940451896836,1610.4125,241.183333333333,4.36461045891142,633.957936905358,64.8156084261426,160.151428571429,91.7473260542588,18215.0962012827,2.1151336184565,46.1937546468401,82.2065247591306,39.6478025890791,81.8533071843351,3.02335507536834,615.75,204.734056505058,518.013068013068,14.9048140043764,19.3315863430937,56.1400614924381,19.2102620983658,228.737667028997,82.1780729579699,107.797826086957,14.7672152298338,14.679802907916,294.723875311333,39.0695652173913,57.8915610676732,21.5290376716866,16.6591870123332,26.019340625,376.265140691552,123.800574919152,112.406676011074,369.961330326945,240.242384682332,83.7328320584145,8.79735498907911,532.888609647345,77.3125899280575,566.783333333333,227.751041666667,16.7452548972177,85.3691372773074,82.0445475086217,214.047826086957,114.075505680244,7918.95125348189,1244.41176470588,113.536335274542,104.408881428657,24.6942122186495,26.3605317690567,48.4728478513548,16.7838637190828,94.815383748924,354.332363401229,183.238461538462,293.831147540984,651.06,268.28717948718,23.7904100642398,3.89144230769231,25.4207233696844,218.63446962171,113.122011653869,68.7600475538583,69.6596500338677,139.90421421441,87.4240080699395,155.223018937305,146.186111111111,295.935087719298,78.2809152935118,109.31931967309,13.3007852233311,46.6063157894737,368.966666666667,221.447292040694,76.1685346910597,130.770050689946,277.27538544207,36.2409851083694,19.5925379956576,77.6853511857483,25.5689089417555,32.3002698259736,308.359102061392,303.685714285714,797.885215946844,61.14750080497,25.4613527219898,40.5057929430012,60.1893435900946,50.4331908202692,45.2383861481841,129.804983058141,35.0342603838027
Population density (people per sq. km of land area),EN.POP.DNST,2021,YR2021,61.4805544056544,102.615547445255,18.5486033116111,225.175,168.157446808511,27.6760840619235,211.861363636364,16.7387416916056,98.0321039690903,591.872222222222,3.33957517011136,108.528805138148,122.658802177858,40.7498501498501,1852.23417721519,1301.03903357148,653.953488372093,45.8368317319537,382.858388375165,17.537527400263,115.261573252927,1180.81481481481,20.3850550603041,11.1506249423059,63.88560546875,4.5672948317541,25.6428132335663,207.48,84.5110056925996,63.3543017686072,80.7773501461988,488.754400311526,145.887096774194,93.9781497847269,57.5376615684035,4.34950538759999,283.9,8.7597579376545,13.643376747141,872.136363636364,26.2170074724423,150.439753691066,46.4322325371789,441.496507254164,42.2990750093734,17.0887437774524,100.939228358794,86.4095880503145,69.3173695496783,108.44289017341,343.173423423423,134.652380952381,136.108349053848,146.418325,47.6944348576359,96.5493333333333,233.907828575035,71.6610444516025,109.761593249284,304.73778957529,58.2697326203209,29.9098414139249,31.1329122807018,69.3180813953488,106.579911903038,38.6051094890511,50.608100711549,18.2301659134121,123.730738534984,87.5920484010372,9.08595878449179,260.861264822134,64.8834808775675,238.118085806692,144.300083943867,3266.9,82.5540806826998,0.138026556218784,366.5,315.803703703704,159.665416200075,55.0704297574475,73.2831081081081,4.08720853441707,415.368976777939,91.861158280454,7060.09523809524,106.398104317335,3.69453535654071,473.418732741601,144.647380401484,54.1900967642527,100.278240518925,73.0608941791261,147.829824561404,432.749537892791,199.885931481788,261.098337950139,344.80546776406,125.552154424849,7.03818498351669,93.1328214499069,159.103703703704,215.695614982144,530.172909836066,..,238.502469135802,34.8894681960375,32.1709575389948,30.2826610959344,546.689247311828,75.1467061923584,53.9183554817276,3.82786239585346,243.99375,44.7346909439387,248.62068161867,20806.2727272727,49.7003317291165,210.964594823929,102.188020088267,1738.19,17.952108278219,1620.425,233.611111111111,4.47751431066266,634.118177265899,65.1792165436354,161.615714285714,90.7834554101434,17603.6468330134,2.14944908754824,46.0379925650558,83.0754738964822,40.790803428368,82.4276954663153,3.07321964313911,625.55,209.52207185211,520.731927531928,15.0251641137856,19.412099806312,56.9265414658468,19.9358348464514,234.308687154825,81.8831086439334,107.567391304348,14.8470090866665,14.6057221324717,300.179167963885,39.1826086956522,58.6582232407657,21.9702270017224,16.8733929020891,26.34021171875,381.930871650401,123.316314929762,112.713054660414,367.834611048478,233.963011314186,83.1010083449235,8.75926144617378,545.678475881638,78.6920863309353,562.416666666667,232.403125,16.7235257176616,87.6576118007583,81.2739445831847,215.778260869565,116.661692989748,7595.49582172702,1260.17647058824,113.295486688852,104.689964442502,25.2894247945695,27.2030812637485,48.9594795110008,17.0086433623977,94.8821207500056,358.163595215002,183.1,294.509836065574,638.96,267.517948717949,24.4417569593148,3.92939102564103,25.5738569744311,220.285662001897,116.126814790612,70.2504791411485,71.7863332580718,140.149744563409,88.8326832548756,158.941514984372,147.245833333333,297.400194931774,78.9324536560247,110.150856905266,13.4953184516843,47.4884210526316,373.466666666667,228.674336724516,75.5831118398343,131.866305266122,277.048319761915,36.2978363298067,19.5763912695692,79.234908193068,26.1802296964725,31.9708259168981,310.973231577167,302.485714285714,817.05377593361,62.4687785290831,26.1950322172749,41.3429598035414,60.7821086854912,50.5947017024538,46.4724314653977,131.475817174889,35.1969071563399
Population density (people per sq. km of land area),EN.POP.DNST,2022,YR2022,..,..,..,..,..,..,..,..,..,..,..,..,..,..,..,..,..,..,..,..,..,..,..,..,..,..,..,..,..,..,..,..,..,..,..,..,..,..,..,..,..,..,..,..,..,..,..,..,..,..,..,..,..,..,..,..,..,..,..,..,..,..,..,..,..,..,..,..,..,..,..,..,..,..,..,..,..,..,..,..,..,..,..,..,..,..,..,..,..,..,..,..,..,..,..,..,..,..,..,..,..,..,..,..,..,..,..,..,..,..,..,..,..,..,..,..,..,..,..,..,..,..,..,..,..,..,..,..,..,..,..,..,..,..,..,..,..,..,..,..,..,..,..,..,..,..,..,..,..,..,..,..,..,..,..,..,..,..,..,..,..,..,..,..,..,..,..,..,..,..,..,..,..,..,..,..,..,..,..,..,..,..,..,..,..,..,..,..,..,..,..,..,..,..,..,..,..,..,..,..,..,..,..,..,..,..,..,..,..,..,..,..,..,..,..,..,..,..,..,..,..,..
,,,,,,,,,,,,,,,,,,,,,,,,,,,,,,,,,,,,,,,,,,,,,,,,,,,,,,,,,,,,,,,,,,,,,,,,,,,,,,,,,,,,,,,,,,,,,,,,,,,,,,,,,,,,,,,,,,,,,,,,,,,,,,,,,,,,,,,,,,,,,,,,,,,,,,,,,,,,,,,,,,,,,,,,,,,,,,,,,,,,,,,,,,,,,,,,,,,,,,,,,,,,,,,,,,,,,,,,,,,,,,,,,
,,,,,,,,,,,,,,,,,,,,,,,,,,,,,,,,,,,,,,,,,,,,,,,,,,,,,,,,,,,,,,,,,,,,,,,,,,,,,,,,,,,,,,,,,,,,,,,,,,,,,,,,,,,,,,,,,,,,,,,,,,,,,,,,,,,,,,,,,,,,,,,,,,,,,,,,,,,,,,,,,,,,,,,,,,,,,,,,,,,,,,,,,,,,,,,,,,,,,,,,,,,,,,,,,,,,,,,,,,,,,,,,,
,,,,,,,,,,,,,,,,,,,,,,,,,,,,,,,,,,,,,,,,,,,,,,,,,,,,,,,,,,,,,,,,,,,,,,,,,,,,,,,,,,,,,,,,,,,,,,,,,,,,,,,,,,,,,,,,,,,,,,,,,,,,,,,,,,,,,,,,,,,,,,,,,,,,,,,,,,,,,,,,,,,,,,,,,,,,,,,,,,,,,,,,,,,,,,,,,,,,,,,,,,,,,,,,,,,,,,,,,,,,,,,,,
Data from database: World Development Indicators,,,,,,,,,,,,,,,,,,,,,,,,,,,,,,,,,,,,,,,,,,,,,,,,,,,,,,,,,,,,,,,,,,,,,,,,,,,,,,,,,,,,,,,,,,,,,,,,,,,,,,,,,,,,,,,,,,,,,,,,,,,,,,,,,,,,,,,,,,,,,,,,,,,,,,,,,,,,,,,,,,,,,,,,,,,,,,,,,,,,,,,,,,,,,,,,,,,,,,,,,,,,,,,,,,,,,,,,,,,,,,,,,
Last Updated: 10/26/2023,,,,,,,,,,,,,,,,,,,,,,,,,,,,,,,,,,,,,,,,,,,,,,,,,,,,,,,,,,,,,,,,,,,,,,,,,,,,,,,,,,,,,,,,,,,,,,,,,,,,,,,,,,,,,,,,,,,,,,,,,,,,,,,,,,,,,,,,,,,,,,,,,,,,,,,,,,,,,,,,,,,,,,,,,,,,,,,,,,,,,,,,,,,,,,,,,,,,,,,,,,,,,,,,,,,,,,,,,,,,,,,,,
